{
  "usingComponents": {
    "van-tab": "miniprogram_npm/@vant/weapp/tab/index",
    "van-tabs": "miniprogram_npm/@vant/weapp/tabs/index","van-field": "miniprogram_npm/@vant/weapp/field/index",
    "van-dialog": "miniprogram_npm/@vant/weapp/dialog/index",
    "van-card": "miniprogram_npm/@vant/weapp/card/index",
    "van-tag": "miniprogram_npm/@vant/weapp/tag/index",
    "van-nav-bar": "miniprogram_npm/@vant/weapp/nav-bar/index",
    "van-sticky": "miniprogram_npm/@vant/weapp/sticky/index",
    "van-radio": "miniprogram_npm/@vant/weapp/radio/index",
    "van-radio-group": "miniprogram_npm/@vant/weapp/radio-group/index",
    "van-button": "miniprogram_npm/@vant/weapp/button/index",
    "van-toast": "miniprogram_npm/@vant/weapp/toast/index",
    "van-datetime-picker": "miniprogram_npm/@vant/weapp/datetime-picker/index",
    "van-cell": "miniprogram_npm/@vant/weapp/cell/index",
    "van-popup": "miniprogram_npm/@vant/weapp/popup/index"
  },
  "navigationBarTitleText": "奖项收集"
}