{
  "usingComponents": {
    "van-tab": "miniprogram_npm/@vant/weapp/tab/index",
    "van-field": "miniprogram_npm/@vant/weapp/field/index",
    "van-dialog": "miniprogram_npm/@vant/weapp/dialog/index",
    "van-tabs": "miniprogram_npm/@vant/weapp/tabs/index",
    "van-card": "miniprogram_npm/@vant/weapp/card/index",
    "van-button": "miniprogram_npm/@vant/weapp/button/index",
    "van-tag": "miniprogram_npm/@vant/weapp/tag/index",
    "van-popup":"miniprogram_npm/@vant/weapp/popup/index",
    "van-cell":"miniprogram_npm/@vant/weapp/cell/index"
  },
  "navigationBarTitleText": "审核订单"
}