{
  "usingComponents": {
    "van-cell": "miniprogram_npm/@vant/weapp/cell/index",
    "van-cell-group": "miniprogram_npm/@vant/weapp/cell-group/index",
    "van-field": "miniprogram_npm/@vant/weapp/field/index",
    "van-radio": "miniprogram_npm/@vant/weapp/radio/index",
    "van-radio-group": "miniprogram_npm/@vant/weapp/radio-group/index",
    "van-collapse": "miniprogram_npm/@vant/weapp/collapse/index",
  "van-collapse-item": "miniprogram_npm/@vant/weapp/collapse-item/index",
  "van-button": "miniprogram_npm/@vant/weapp/button/index",
  "van-toast": "miniprogram_npm/@vant/weapp/toast/index",
  "van-notice-bar": "miniprogram_npm/@vant/weapp/notice-bar/index"
  },
  "navigationBarTitleText": "绑定身份"
}