{
  "usingComponents": {
    "van-dropdown-menu": "miniprogram_npm/@vant/weapp/dropdown-menu/index",
    "van-grid": "miniprogram_npm/@vant/weapp/grid/index",
    "van-grid-item": "miniprogram_npm/@vant/weapp/grid-item/index",
    "van-icon": "miniprogram_npm/@vant/weapp/icon/index",
  "van-dropdown-item": "miniprogram_npm/@vant/weapp/dropdown-item/index",
    "van-checkbox": "miniprogram_npm/@vant/weapp/checkbox/index",
    "van-checkbox-group": "miniprogram_npm/@vant/weapp/checkbox-group/index",
    "van-card":"miniprogram_npm/@vant/weapp/card/index",
    "van-cell": "miniprogram_npm/@vant/weapp/cell/index",
    "van-cell-group": "miniprogram_npm/@vant/weapp/cell-group/index",
    "van-goods-action": "miniprogram_npm/@vant/weapp/goods-action/index",
    "van-goods-action-icon": "miniprogram_npm/@vant/weapp/goods-action-icon/index",
    "van-goods-action-button": "miniprogram_npm/@vant/weapp/goods-action-button/index",
    "van-popup":"miniprogram_npm/@vant/weapp/popup/index"
  },
  "navigationBarTitleText": "详情"
}