{
  "projectname": "campusAdvancedEdition",
  "setting": {
    "compileHotReLoad": true,
    "urlCheck": true
  },
  "description": "项目私有配置文件。此文件中的内容将覆盖 project.config.json 中的相同字段。项目的改动优先同步到此文件中。详见文档：https://developers.weixin.qq.com/miniprogram/dev/devtools/projectconfig.html",
  "condition": {
    "miniprogram": {
      "list": [
        {
          "name": "11",
          "pathName": "pages/equip/equip",
          "query": "",
          "launchMode": "default",
          "scene": null
        },
        {
          "name": "",
          "pathName": "pages/reservation/reservation",
          "query": "",
          "launchMode": "default",
          "scene": null
        },
        {
          "name": "",
          "pathName": "pages/finishedOrder/finishedOrder",
          "query": "",
          "launchMode": "default",
          "scene": null
        },
        {
          "name": "",
          "pathName": "pages/index/index",
          "query": "",
          "launchMode": "default",
          "scene": null
        },
        {
          "name": "",
          "pathName": "pages/setID/setID",
          "query": "",
          "launchMode": "default",
          "scene": null
        },
        {
          "name": "",
          "pathName": "pages/announcement/announcement",
          "query": "",
          "launchMode": "default",
          "scene": null
        }
      ]
    }
  }
}