{
  "usingComponents": {
    "van-nav-bar": "miniprogram_npm/@vant/weapp/nav-bar/index",
    "van-cell":"miniprogram_npm/@vant/weapp/cell/index",
    "van-icon": "miniprogram_npm/@vant/weapp/icon/index",
    "van-dialog": "miniprogram_npm/@vant/weapp/dialog/index",
    "van-field": "miniprogram_npm/@vant/weapp/field/index",
    "van-radio": "miniprogram_npm/@vant/weapp/radio/index",
    "van-radio-group": "miniprogram_npm/@vant/weapp/radio-group/index",
    "van-card": "miniprogram_npm/@vant/weapp/card/index",
    "van-button": "miniprogram_npm/@vant/weapp/button/index",
    "van-toast": "miniprogram_npm/@vant/weapp/toast/index",
    "van-popup": "miniprogram_npm/@vant/weapp/popup/index",
    "van-dropdown-menu": "miniprogram_npm/@vant/weapp/dropdown-menu/index",
  "van-dropdown-item": "miniprogram_npm/@vant/weapp/dropdown-item/index",
  "van-picker": "miniprogram_npm/@vant/weapp/picker/index"
  },
  "navigationBarTitleText": "填写具体内容"
}