{
  "usingComponents": {
    "van-dialog": "miniprogram_npm/@vant/weapp/dialog/index",
    "van-field": "miniprogram_npm/@vant/weapp/field/index",
    "van-submit-bar": "miniprogram_npm/@vant/weapp/submit-bar/index",
    "van-datetime-picker": "miniprogram_npm/@vant/weapp/datetime-picker/index",
    "van-cell": "miniprogram_npm/@vant/weapp/cell/index",
    "van-cell-group": "miniprogram_npm/@vant/weapp/cell-group/index",
    "van-action-sheet": "miniprogram_npm/@vant/weapp/action-sheet/index",
    "van-popup": "miniprogram_npm/@vant/weapp/popup/index",
    "van-toast": "miniprogram_npm/@vant/weapp/toast/index"
  },
  "navigationBarTitleText": "填写订单"
}
