{
  "usingComponents": {
    "van-dropdown-menu": "miniprogram_npm/@vant/weapp/dropdown-menu/index",
  "van-dropdown-item": "miniprogram_npm/@vant/weapp/dropdown-item/index",
    "van-checkbox": "miniprogram_npm/@vant/weapp/checkbox/index",
    "van-checkbox-group": "miniprogram_npm/@vant/weapp/checkbox-group/index",
    "van-card":"miniprogram_npm/@vant/weapp/card/index",
    "van-cell": "miniprogram_npm/@vant/weapp/cell/index",
    "van-cell-group": "miniprogram_npm/@vant/weapp/cell-group/index"
  },
  "navigationBarTitleText": "器材预约"
}